{"cameraMode":{"drawMode":0,"name":"Shaded","section":"Shading Mode"},"sceneLighting":true,"audioPlay":false,"sceneViewState":{"showFog":true,"showMaterialUpdate":false,"showSkybox":true,"showFlares":true,"showImageEffects":true,"showParticleSystems":true},"in2DMode":false,"pivot":{"x":-1.8568767309188843,"y":-3.1158688068389894,"z":7.645692348480225},"rotation":{"x":0.1685132086277008,"y":-0.05615159124135971,"z":0.009615964256227017,"w":0.984054446220398},"size":16.694286346435548,"orthographic":false}